[
  {
    "pk": 1,
    "model": "films.film",
    "fields": {
      "title": "Pulp Fiction",
      "year": 1994,
      "tmdb_id": 680,
      "poster_url": "https://image.tmdb.org/t/p/w500/dM2w364MScsjFf8pfMbaWUcWrR.jpg",
      "fanart_url": "https://image.tmdb.org/t/p/original/9rZg1J6vMQoDVSgRyWcpJa8IAGy.jpg",
      "trailer_type": "YouTube",
      "trailer_url": "https://www.youtube.com/watch?v=s7EdQ4FqbhY",
      "duration_in_minutes": 154,
      "description": "The lives of two mob hit men, a boxer, a gangster's wife, and a pair of diner bandits intertwine in four tales of violence and redemption."
    }
  },
  {
    "pk": 2,
    "model": "films.film",
    "fields": {
      "title": "Inglourious Basterds",
      "year": 2009,
      "imdb": 361748,
      "tmdb_id": 16869,
      "poster_url": "https://image.tmdb.org/t/p/w500/vDwqPyhkzFPRDmwz9KbzN2ouEPe.jpg",
      "fanart_url": "https://image.tmdb.org/t/p/original/bk0GylJLneaSbpQZXpgTwleYigq.jpg",
      "trailer_type": "YouTube",
      "trailer_url": "https://www.youtube.com/watch?v=KnrRy6kSFF0",
      "duration_in_minutes": 153,
      "description": "In Nazi-occupied France during World War II, a plan to assassinate Nazi leaders by a group of Jewish U.S. soldiers coincides with a theatre owner's vengeful plans for the same."
    }
  },
  {
    "pk": 361748,
    "model": "imdb.FilmIMDb",
    "fields": {
      "title": "Inglourious Basterds",
      "year": 2009,
      "rating": 8.3,
      "rating_vote_count": 521392,
      "runtime_in_minutes": 153
    }
  },
  {
    "pk": 1,
    "model": "torrents.torrentfile",
    "fields": {
      "release": 1,
      "uploaded_at": "2018-05-29T12:58Z",
      "uploaded_by": 1,
      "is_single_file": true,
      "file": {
        "name": "Pulp.Fiction.1994.1080p.BluRay.DTS.x264-CtrlHD.mkv",
        "size_in_bytes": 16
      },
      "total_size_in_bytes": 1000,
      "piece_size_in_bytes": 16,
      "info_hash": "e6504d31dedeffe8318651fcfcfa54afe6da129c"
    }
  },
  {
    "pk": 2,
    "model": "torrents.torrentfile",
    "fields": {
      "release": 2,
      "uploaded_at": "2018-05-29T12:59Z",
      "uploaded_by": 1,
      "is_single_file": true,
      "file": {
        "name": "Pulp.Fiction.1994.1080p.BluRay.DTS.x264-EbP.mkv",
        "size_in_bytes": 16
      },
      "total_size_in_bytes": 2000,
      "piece_size_in_bytes": 16,
      "info_hash": "5bb0cdea515b32d291c1ff25bcf5a491561e5ade"
    }
  },
  {
    "pk": 1,
    "model": "releases.release",
    "fields": {
      "film": 1,
      "name": "Pulp.Fiction.1994.1080p.BluRay.DTS.x264-CtrlHD",
      "group": "CtrlHD",
      "codec": "x264",
      "container": "MKV",
      "resolution": "720p",
      "source_media": "Blu-ray"
    }
  },
  {
    "pk": 2,
    "model": "releases.release",
    "fields": {
      "film": 1,
      "name": "Pulp.Fiction.1994.1080p.BluRay.DTS.x264-EbP",
      "group": "EbP",
      "codec": "x264",
      "container": "MKV",
      "resolution": "720p",
      "source_media": "Blu-ray"
    }
  },
  {
    "pk": 1,
    "model": "www.feature",
    "fields": {
      "name": "log_all_announces",
      "description": "Log the details of all successful announce requests for analysis (use with caution!)",
      "is_enabled": true
    }
  },
  {
    "model": "forums.forumgroup",
    "pk": 1,
    "fields": {
      "old_id": null,
      "sort_order": 1,
      "name": "Staff Topics"
    }
  },
  {
    "model": "forums.forumgroup",
    "pk": 2,
    "fields": {
      "old_id": null,
      "sort_order": 2,
      "name": "General Discussions"
    }
  },
  {
    "model": "forums.forumgroup",
    "pk": 3,
    "fields": {
      "old_id": null,
      "sort_order": 3,
      "name": "Special Access"
    }
  },
  {
    "model": "forums.forumgroup",
    "pk": 4,
    "fields": {
      "old_id": null,
      "sort_order": 4,
      "name": "Support"
    }
  },
  {
    "model": "forums.forumgroup",
    "pk": 5,
    "fields": {
      "old_id": null,
      "sort_order": 5,
      "name": "Archives"
    }
  },
  {
    "model": "forums.forumtopic",
    "pk": 1,
    "fields": {
      "old_id": null,
      "sort_order": 1,
      "name": "Staff Announcements",
      "description": "jumpcut Announcements for Staff",
      "group": 1
    }
  },
  {
    "model": "forums.forumtopic",
    "pk": 2,
    "fields": {
      "old_id": null,
      "sort_order": 2,
      "name": "Staff Discussions",
      "description": "jumpcut Discussions for Staff",
      "group": 1
    }
  },
  {
    "model": "forums.forumtopic",
    "pk": 3,
    "fields": {
      "old_id": null,
      "sort_order": 1,
      "name": "Announcements",
      "description": "jumpcut Announcements",
      "group": 2
    }
  },
  {
    "model": "forums.forumtopic",
    "pk": 4,
    "fields": {
      "old_id": null,
      "sort_order": 2,
      "name": "Introduce Yourself, and general chat.",
      "description": "New Users, Come Say Hi, and post whatever.",
      "group": 2
    }
  },
  {
    "model": "forums.forumtopic",
    "pk": 5,
    "fields": {
      "old_id": null,
      "sort_order": 1,
      "name": "Invites",
      "description": "Invites Only",
      "group": 3
    }
  },
  {
    "model": "forums.forumtopic",
    "pk": 6,
    "fields": {
      "old_id": null,
      "sort_order": 1,
      "name": "Bugs",
      "description": "List the site bugs here",
      "group": 4
    }
  },
  {
    "model": "forums.forumtopic",
    "pk": 7,
    "fields": {
      "old_id": null,
      "sort_order": 2,
      "name": "Help",
      "description": "Ask for Help Here.",
      "group": 4
    }
  },
  {
    "model": "forums.forumtopic",
    "pk": 8,
    "fields": {
      "old_id": null,
      "sort_order": 3,
      "name": "Tutorials",
      "description": "Tutorials go here.",
      "group": 4
    }
  },
  {
    "model": "forums.forumtopic",
    "pk": 9,
    "fields": {
      "old_id": null,
      "sort_order": 1,
      "name": "Thread Graveyard",
      "description": "Put Threads you want hidden here.",
      "group": 5
    }
  },
  {
    "model": "forums.forumthread",
    "pk": 1,
    "fields": {
      "old_id": null,
      "title": "Staff Announcements.",
      "is_locked": false,
      "is_sticky": true,
      "created_at": "2018-04-13T14:52:58.484Z",
      "created_by": 1,
      "modified": false,
      "modified_at": null,
      "modified_by": null,
      "topic": 1
    }
  },
  {
    "model": "forums.forumthread",
    "pk": 2,
    "fields": {
      "old_id": null,
      "title": "Staff general posts go here.",
      "is_locked": false,
      "is_sticky": true,
      "created_at": "2018-04-13T14:52:58.484Z",
      "created_by": 1,
      "modified": false,
      "modified_at": null,
      "modified_by": null,
      "topic": 2
    }
  },
  {
    "model": "forums.forumthread",
    "pk": 3,
    "fields": {
      "old_id": null,
      "title": "Welcome to The Site!!",
      "is_locked": false,
      "is_sticky": true,
      "created_at": "2018-04-13T14:52:58.484Z",
      "created_by": 1,
      "modified": false,
      "modified_at": null,
      "modified_by": null,
      "topic": 3
    }
  },
  {
    "model": "forums.forumthread",
    "pk": 4,
    "fields": {
      "old_id": null,
      "title": "Introduce Yourself.",
      "is_locked": false,
      "is_sticky": true,
      "created_at": "2018-04-13T14:52:58.484Z",
      "created_by": 1,
      "modified": false,
      "modified_at": null,
      "modified_by": null,
      "topic": 4
    }
  },
  {
    "model": "forums.forumthread",
    "pk": 5,
    "fields": {
      "old_id": null,
      "title": "You're invited!!",
      "is_locked": false,
      "is_sticky": true,
      "created_at": "2018-04-13T14:52:58.484Z",
      "created_by": 1,
      "modified": false,
      "modified_at": null,
      "modified_by": null,
      "topic": 5
    }
  },
  {
    "model": "forums.forumthread",
    "pk": 6,
    "fields": {
      "old_id": null,
      "title": "Post bugs here.",
      "is_locked": false,
      "is_sticky": false,
      "created_at": "2018-04-13T14:52:58.484Z",
      "created_by": 1,
      "modified": false,
      "modified_at": null,
      "modified_by": null,
      "topic": 6
    }
  },
  {
    "model": "forums.forumthread",
    "pk": 7,
    "fields": {
      "old_id": null,
      "title": "Ask for Help in here.",
      "is_locked": false,
      "is_sticky": true,
      "created_at": "2018-04-13T14:52:58.484Z",
      "created_by": 1,
      "modified": false,
      "modified_at": null,
      "modified_by": null,
      "topic": 7
    }
  },
  {
    "model": "forums.forumthread",
    "pk": 8,
    "fields": {
      "old_id": null,
      "title": "Post tutorials here.",
      "is_locked": false,
      "is_sticky": true,
      "created_at": "2018-04-13T14:52:58.484Z",
      "created_by": 1,
      "modified": false,
      "modified_at": null,
      "modified_by": null,
      "topic": 8
    }
  },
  {
    "model": "forums.forumthread",
    "pk": 9,
    "fields": {
      "old_id": null,
      "title": "Shit thread.",
      "is_locked": false,
      "is_sticky": true,
      "created_at": "2018-04-13T14:52:58.484Z",
      "created_by": 1,
      "modified": false,
      "modified_at": null,
      "modified_by": null,
      "topic": 9
    }
  },
  {
    "model": "forums.forumpost",
    "pk": 1,
    "fields": {
      "old_id": null,
      "author": 1,
      "body": "Welcome Everyone, we are so happy you have joined us!!",
      "created_at": "2018-04-13T14:52:58.484Z",
      "modified": false,
      "modified_at": null,
      "modified_by": null,
      "thread": 3
    }
  },
  {
    "model": "forums.forumpost",
    "pk": 2,
    "fields": {
      "old_id": null,
      "author": 1,
      "body": "Please Delete me.",
      "created_at": "2018-04-13T14:52:58.484Z",
      "modified": false,
      "modified_at": null,
      "modified_by": null,
      "thread": 9
    }
  },
  {
    "model": "media_formats.genre",
    "pk": "",
    "fields": {}
  },
  {
    "model": "media_formats.genre",
    "pk": "Action",
    "fields": {}
  },
  {
    "model": "media_formats.genre",
    "pk": "Adventure",
    "fields": {}
  },
  {
    "model": "media_formats.genre",
    "pk": "Animation",
    "fields": {}
  },
  {
    "model": "media_formats.genre",
    "pk": "Anime",
    "fields": {}
  },
  {
    "model": "media_formats.genre",
    "pk": "Biography",
    "fields": {}
  },
  {
    "model": "media_formats.genre",
    "pk": "Comedy",
    "fields": {}
  },
  {
    "model": "media_formats.genre",
    "pk": "Crime",
    "fields": {}
  },
  {
    "model": "media_formats.genre",
    "pk": "Documentary",
    "fields": {}
  },
  {
    "model": "media_formats.genre",
    "pk": "Drama",
    "fields": {}
  },
  {
    "model": "media_formats.genre",
    "pk": "Family",
    "fields": {}
  },
  {
    "model": "media_formats.genre",
    "pk": "Fantasy",
    "fields": {}
  },
  {
    "model": "media_formats.genre",
    "pk": "Film-Noir",
    "fields": {}
  },
  {
    "model": "media_formats.genre",
    "pk": "Foreign",
    "fields": {}
  },
  {
    "model": "media_formats.genre",
    "pk": "History",
    "fields": {}
  },
  {
    "model": "media_formats.genre",
    "pk": "Horror",
    "fields": {}
  },
  {
    "model": "media_formats.genre",
    "pk": "Indie",
    "fields": {}
  },
  {
    "model": "media_formats.genre",
    "pk": "Music",
    "fields": {}
  },
  {
    "model": "media_formats.genre",
    "pk": "Musical",
    "fields": {}
  },
  {
    "model": "media_formats.genre",
    "pk": "Mystery",
    "fields": {}
  },
  {
    "model": "media_formats.genre",
    "pk": "Political",
    "fields": {}
  },
  {
    "model": "media_formats.genre",
    "pk": "Romance",
    "fields": {}
  },
  {
    "model": "media_formats.genre",
    "pk": "Sci-Fi",
    "fields": {}
  },
  {
    "model": "media_formats.genre",
    "pk": "Short",
    "fields": {}
  },
  {
    "model": "media_formats.genre",
    "pk": "Sport",
    "fields": {}
  },
  {
    "model": "media_formats.genre",
    "pk": "Stand-Up",
    "fields": {}
  },
  {
    "model": "media_formats.genre",
    "pk": "Thriller",
    "fields": {}
  },
  {
    "model": "media_formats.genre",
    "pk": "War",
    "fields": {}
  },
  {
    "model": "media_formats.genre",
    "pk": "Western",
    "fields": {}
  }
]
