[
  {
    "model": "tracker.torrentclient",
    "pk": "-AZ25",
    "fields": {
      "name": "Azureus 2.5.*",
      "is_whitelisted": true,
      "notes": null
    }
  },
  {
    "model": "tracker.torrentclient",
    "pk": "-AZ31",
    "fields": {
      "name": "Azureus 3.1",
      "is_whitelisted": true,
      "notes": null
    }
  },
  {
    "model": "tracker.torrentclient",
    "pk": "-AZ41",
    "fields": {
      "name": "Azureus/Vuze 4.1",
      "is_whitelisted": true,
      "notes": null
    }
  },
  {
    "model": "tracker.torrentclient",
    "pk": "-AZ42",
    "fields": {
      "name": "Azurues/Vuze 4.2",
      "is_whitelisted": true,
      "notes": null
    }
  },
  {
    "model": "tracker.torrentclient",
    "pk": "-AZ43",
    "fields": {
      "name": "Azureus/Vuze 4.3",
      "is_whitelisted": true,
      "notes": null
    }
  },
  {
    "model": "tracker.torrentclient",
    "pk": "-AZ44",
    "fields": {
      "name": "Azureus/Vuze 4.4",
      "is_whitelisted": true,
      "notes": null
    }
  },
  {
    "model": "tracker.torrentclient",
    "pk": "-AZ45",
    "fields": {
      "name": "Azureus/Vuze 4.5",
      "is_whitelisted": true,
      "notes": null
    }
  },
  {
    "model": "tracker.torrentclient",
    "pk": "-AZ46",
    "fields": {
      "name": "Azureus/Vuze 4.6",
      "is_whitelisted": true,
      "notes": null
    }
  },
  {
    "model": "tracker.torrentclient",
    "pk": "-AZ47",
    "fields": {
      "name": "Azureus/Vuze 4.7",
      "is_whitelisted": true,
      "notes": null
    }
  },
  {
    "model": "tracker.torrentclient",
    "pk": "-AZ48",
    "fields": {
      "name": "Azureus/Vuze 4.8",
      "is_whitelisted": true,
      "notes": null
    }
  },
  {
    "model": "tracker.torrentclient",
    "pk": "-AZ49",
    "fields": {
      "name": "Azureus/Vuze 4.9",
      "is_whitelisted": true,
      "notes": null
    }
  },
  {
    "model": "tracker.torrentclient",
    "pk": "-AZ50",
    "fields": {
      "name": "Azureus/Vuze 5.0",
      "is_whitelisted": true,
      "notes": null
    }
  },
  {
    "model": "tracker.torrentclient",
    "pk": "-AZ51",
    "fields": {
      "name": "Azureus/Vuze 5.1",
      "is_whitelisted": true,
      "notes": null
    }
  },
  {
    "model": "tracker.torrentclient",
    "pk": "-AZ52",
    "fields": {
      "name": "Azureus/Vuze 5.2",
      "is_whitelisted": true,
      "notes": null
    }
  },
  {
    "model": "tracker.torrentclient",
    "pk": "-AZ53",
    "fields": {
      "name": "Azureus/Vuze 5.3",
      "is_whitelisted": true,
      "notes": null
    }
  },
  {
    "model": "tracker.torrentclient",
    "pk": "-AZ54",
    "fields": {
      "name": "Azureus/Vuze 5.4",
      "is_whitelisted": true,
      "notes": null
    }
  },
  {
    "model": "tracker.torrentclient",
    "pk": "-AZ55",
    "fields": {
      "name": "Azureus/Vuze 5.5",
      "is_whitelisted": true,
      "notes": null
    }
  },
  {
    "model": "tracker.torrentclient",
    "pk": "-AZ56",
    "fields": {
      "name": "Azureus/Vuze 5.6",
      "is_whitelisted": true,
      "notes": null
    }
  },
  {
    "model": "tracker.torrentclient",
    "pk": "-AZ57",
    "fields": {
      "name": "Azureus/Vuze 5.7",
      "is_whitelisted": true,
      "notes": null
    }
  },
  {
    "model": "tracker.torrentclient",
    "pk": "-BG10",
    "fields": {
      "name": "btgdaemon 1.*",
      "is_whitelisted": true,
      "notes": null
    }
  },
  {
    "model": "tracker.torrentclient",
    "pk": "btpd/0.15",
    "fields": {
      "name": "BTPD 0.15",
      "is_whitelisted": true,
      "notes": null
    }
  },
  {
    "model": "tracker.torrentclient",
    "pk": "btpd/0.16",
    "fields": {
      "name": "BTPD 0.16",
      "is_whitelisted": true,
      "notes": null
    }
  },
  {
    "model": "tracker.torrentclient",
    "pk": "-CD0302-",
    "fields": {
      "name": "Enhanced CTorrent (dnh3.2)",
      "is_whitelisted": true,
      "notes": null
    }
  },
  {
    "model": "tracker.torrentclient",
    "pk": "-DE12",
    "fields": {
      "name": "Deluge 1.2.*",
      "is_whitelisted": true,
      "notes": null
    }
  },
  {
    "model": "tracker.torrentclient",
    "pk": "-DE13",
    "fields": {
      "name": "Deluge 1.3.*",
      "is_whitelisted": true,
      "notes": null
    }
  },
  {
    "model": "tracker.torrentclient",
    "pk": "-HL031",
    "fields": {
      "name": "Halite 3.1",
      "is_whitelisted": true,
      "notes": null
    }
  },
  {
    "model": "tracker.torrentclient",
    "pk": "-KT22",
    "fields": {
      "name": "KTorrent 2.2.*",
      "is_whitelisted": true,
      "notes": null
    }
  },
  {
    "model": "tracker.torrentclient",
    "pk": "-KT32",
    "fields": {
      "name": "KTorrent 3.2",
      "is_whitelisted": true,
      "notes": null
    }
  },
  {
    "model": "tracker.torrentclient",
    "pk": "-KT33",
    "fields": {
      "name": "KTorrent 3.3",
      "is_whitelisted": true,
      "notes": null
    }
  },
  {
    "model": "tracker.torrentclient",
    "pk": "-KT40",
    "fields": {
      "name": "KTorrent 4.0",
      "is_whitelisted": true,
      "notes": null
    }
  },
  {
    "model": "tracker.torrentclient",
    "pk": "-KT41",
    "fields": {
      "name": "KTorrent 4.1.*",
      "is_whitelisted": true,
      "notes": null
    }
  },
  {
    "model": "tracker.torrentclient",
    "pk": "-KT42",
    "fields": {
      "name": "KTorrent 4.2.*",
      "is_whitelisted": true,
      "notes": null
    }
  },
  {
    "model": "tracker.torrentclient",
    "pk": "-KT43",
    "fields": {
      "name": "KTorrent 4.3.*",
      "is_whitelisted": true,
      "notes": null
    }
  },
  {
    "model": "tracker.torrentclient",
    "pk": "-lt0A4",
    "fields": {
      "name": "libtorrent 0.10.4 (rTorrent)",
      "is_whitelisted": true,
      "notes": null
    }
  },
  {
    "model": "tracker.torrentclient",
    "pk": "-lt0B",
    "fields": {
      "name": "libtorrent 0.11.* (rTorrent)",
      "is_whitelisted": true,
      "notes": null
    }
  },
  {
    "model": "tracker.torrentclient",
    "pk": "-lt0C",
    "fields": {
      "name": "libtorrent 0.12.* (rTorrent)",
      "is_whitelisted": true,
      "notes": null
    }
  },
  {
    "model": "tracker.torrentclient",
    "pk": "-lt0D",
    "fields": {
      "name": "libtorrent 0.13.* (rTorrent)",
      "is_whitelisted": true,
      "notes": null
    }
  },
  {
    "model": "tracker.torrentclient",
    "pk": "-qB26",
    "fields": {
      "name": "qBittorrent 2.6.*",
      "is_whitelisted": true,
      "notes": null
    }
  },
  {
    "model": "tracker.torrentclient",
    "pk": "-qB27",
    "fields": {
      "name": "qBittorrent 2.7.*",
      "is_whitelisted": true,
      "notes": null
    }
  },
  {
    "model": "tracker.torrentclient",
    "pk": "-qB28",
    "fields": {
      "name": "qBittorrent 2.8.*",
      "is_whitelisted": true,
      "notes": null
    }
  },
  {
    "model": "tracker.torrentclient",
    "pk": "-qB29",
    "fields": {
      "name": "qBittorrent 2.9.*",
      "is_whitelisted": true,
      "notes": null
    }
  },
  {
    "model": "tracker.torrentclient",
    "pk": "-qB30",
    "fields": {
      "name": "qBittorrent 3.0.*",
      "is_whitelisted": true,
      "notes": null
    }
  },
  {
    "model": "tracker.torrentclient",
    "pk": "-qB31",
    "fields": {
      "name": "qBittorrent 3.1.*",
      "is_whitelisted": true,
      "notes": null
    }
  },
  {
    "model": "tracker.torrentclient",
    "pk": "-qB32",
    "fields": {
      "name": "qBittorrent 3.2.*",
      "is_whitelisted": true,
      "notes": null
    }
  },
  {
    "model": "tracker.torrentclient",
    "pk": "-qB33",
    "fields": {
      "name": "qBittorrent 3.3.*",
      "is_whitelisted": true,
      "notes": null
    }
  },
  {
    "model": "tracker.torrentclient",
    "pk": "-TR1540-",
    "fields": {
      "name": "Transmission  1.5.4",
      "is_whitelisted": true,
      "notes": null
    }
  },
  {
    "model": "tracker.torrentclient",
    "pk": "-TR16",
    "fields": {
      "name": "Transmission 1.6.*",
      "is_whitelisted": true,
      "notes": null
    }
  },
  {
    "model": "tracker.torrentclient",
    "pk": "-TR17",
    "fields": {
      "name": "Transmission 1.7.*",
      "is_whitelisted": true,
      "notes": null
    }
  },
  {
    "model": "tracker.torrentclient",
    "pk": "-TR18",
    "fields": {
      "name": "Transmission 1.8.*",
      "is_whitelisted": true,
      "notes": null
    }
  },
  {
    "model": "tracker.torrentclient",
    "pk": "-TR1920-",
    "fields": {
      "name": "Transmission 1.92",
      "is_whitelisted": true,
      "notes": null
    }
  },
  {
    "model": "tracker.torrentclient",
    "pk": "-TR1930-",
    "fields": {
      "name": "Transmission 1.93",
      "is_whitelisted": true,
      "notes": null
    }
  },
  {
    "model": "tracker.torrentclient",
    "pk": "-TR20",
    "fields": {
      "name": "Transmission 2.0.*",
      "is_whitelisted": true,
      "notes": null
    }
  },
  {
    "model": "tracker.torrentclient",
    "pk": "-TR210",
    "fields": {
      "name": "Transmission 2.1",
      "is_whitelisted": true,
      "notes": null
    }
  },
  {
    "model": "tracker.torrentclient",
    "pk": "-TR2110-",
    "fields": {
      "name": "Transmission 2.11",
      "is_whitelisted": true,
      "notes": null
    }
  },
  {
    "model": "tracker.torrentclient",
    "pk": "-TR212",
    "fields": {
      "name": "Transmission 2.12",
      "is_whitelisted": true,
      "notes": null
    }
  },
  {
    "model": "tracker.torrentclient",
    "pk": "-TR213",
    "fields": {
      "name": "Transmission 2.13",
      "is_whitelisted": true,
      "notes": null
    }
  },
  {
    "model": "tracker.torrentclient",
    "pk": "-TR220",
    "fields": {
      "name": "Transmission 2.20",
      "is_whitelisted": true,
      "notes": null
    }
  },
  {
    "model": "tracker.torrentclient",
    "pk": "-TR221",
    "fields": {
      "name": "Transmission 2.21",
      "is_whitelisted": true,
      "notes": null
    }
  },
  {
    "model": "tracker.torrentclient",
    "pk": "-TR222",
    "fields": {
      "name": "Transmission 2.22",
      "is_whitelisted": true,
      "notes": null
    }
  },
  {
    "model": "tracker.torrentclient",
    "pk": "-TR23",
    "fields": {
      "name": "Transmission 2.3*",
      "is_whitelisted": true,
      "notes": null
    }
  },
  {
    "model": "tracker.torrentclient",
    "pk": "-TR24",
    "fields": {
      "name": "Transmission 2.4*",
      "is_whitelisted": true,
      "notes": null
    }
  },
  {
    "model": "tracker.torrentclient",
    "pk": "-TR25",
    "fields": {
      "name": "Transmission 2.5*",
      "is_whitelisted": true,
      "notes": null
    }
  },
  {
    "model": "tracker.torrentclient",
    "pk": "-TR26",
    "fields": {
      "name": "Transmission 2.6*",
      "is_whitelisted": true,
      "notes": null
    }
  },
  {
    "model": "tracker.torrentclient",
    "pk": "-TR27",
    "fields": {
      "name": "Transmission 2.7*",
      "is_whitelisted": true,
      "notes": null
    }
  },
  {
    "model": "tracker.torrentclient",
    "pk": "-TR28",
    "fields": {
      "name": "Transmission 2.8*",
      "is_whitelisted": true,
      "notes": null
    }
  },
  {
    "model": "tracker.torrentclient",
    "pk": "-TR292",
    "fields": {
      "name": "Transmission 2.92+",
      "is_whitelisted": true,
      "notes": null
    }
  },
  {
    "model": "tracker.torrentclient",
    "pk": "-UM15",
    "fields": {
      "name": "\u00b5Torrent Mac 1.5.*",
      "is_whitelisted": true,
      "notes": null
    }
  },
  {
    "model": "tracker.torrentclient",
    "pk": "-UM165",
    "fields": {
      "name": "\u00b5Torrent Mac 1.6.5",
      "is_whitelisted": true,
      "notes": null
    }
  },
  {
    "model": "tracker.torrentclient",
    "pk": "-UM180",
    "fields": {
      "name": "\u00b5Torrent Mac 1.8.0",
      "is_whitelisted": true,
      "notes": null
    }
  },
  {
    "model": "tracker.torrentclient",
    "pk": "-UM181",
    "fields": {
      "name": "\u00b5Torrent Mac 1.8.1",
      "is_whitelisted": true,
      "notes": null
    }
  },
  {
    "model": "tracker.torrentclient",
    "pk": "-UM182",
    "fields": {
      "name": "\u00b5Torrent Mac 1.8.2",
      "is_whitelisted": true,
      "notes": null
    }
  },
  {
    "model": "tracker.torrentclient",
    "pk": "-UM183",
    "fields": {
      "name": "\u00b5Torrent Mac 1.8.3",
      "is_whitelisted": true,
      "notes": null
    }
  },
  {
    "model": "tracker.torrentclient",
    "pk": "-UM184",
    "fields": {
      "name": "\u00b5Torrent Mac 1.8.4",
      "is_whitelisted": true,
      "notes": null
    }
  },
  {
    "model": "tracker.torrentclient",
    "pk": "-UM186",
    "fields": {
      "name": "\u00b5Torrent Mac 1.8.6",
      "is_whitelisted": true,
      "notes": null
    }
  },
  {
    "model": "tracker.torrentclient",
    "pk": "-UM187",
    "fields": {
      "name": "\u00b5Torrent Mac 1.8.7",
      "is_whitelisted": true,
      "notes": null
    }
  },
  {
    "model": "tracker.torrentclient",
    "pk": "-UT161",
    "fields": {
      "name": "\u00b5Torrent 1.6.1",
      "is_whitelisted": true,
      "notes": null
    }
  },
  {
    "model": "tracker.torrentclient",
    "pk": "-UT177",
    "fields": {
      "name": "\u00b5Torrent 1.7.7",
      "is_whitelisted": true,
      "notes": null
    }
  },
  {
    "model": "tracker.torrentclient",
    "pk": "-UT182",
    "fields": {
      "name": "\u00b5Torrent 1.8.2",
      "is_whitelisted": true,
      "notes": null
    }
  },
  {
    "model": "tracker.torrentclient",
    "pk": "-UT185",
    "fields": {
      "name": "\u00b5Torrent 1.8.5",
      "is_whitelisted": true,
      "notes": null
    }
  },
  {
    "model": "tracker.torrentclient",
    "pk": "-UT201",
    "fields": {
      "name": "\u00b5Torrent 2.0.1",
      "is_whitelisted": true,
      "notes": null
    }
  },
  {
    "model": "tracker.torrentclient",
    "pk": "-UT202",
    "fields": {
      "name": "\u00b5Torrent 2.0.2",
      "is_whitelisted": true,
      "notes": null
    }
  },
  {
    "model": "tracker.torrentclient",
    "pk": "-UT203",
    "fields": {
      "name": "\u00b5Torrent 2.0.3",
      "is_whitelisted": true,
      "notes": null
    }
  },
  {
    "model": "tracker.torrentclient",
    "pk": "-UT204",
    "fields": {
      "name": "\u00b5Torrent 2.0.4",
      "is_whitelisted": true,
      "notes": null
    }
  },
  {
    "model": "tracker.torrentclient",
    "pk": "-UT220",
    "fields": {
      "name": "\u00b5Torrent 2.2.0",
      "is_whitelisted": true,
      "notes": null
    }
  },
  {
    "model": "tracker.torrentclient",
    "pk": "-UT221",
    "fields": {
      "name": "\u00b5Torrent 2.2.1",
      "is_whitelisted": true,
      "notes": null
    }
  },
  {
    "model": "tracker.torrentclient",
    "pk": "-UT30",
    "fields": {
      "name": "\u00b5Torrent 3.0.*",
      "is_whitelisted": true,
      "notes": null
    }
  },
  {
    "model": "tracker.torrentclient",
    "pk": "-UT31",
    "fields": {
      "name": "\u00b5Torrent 3.1.*",
      "is_whitelisted": true,
      "notes": null
    }
  },
  {
    "model": "tracker.torrentclient",
    "pk": "-UT32",
    "fields": {
      "name": "\u00b5Torrent 3.2.*",
      "is_whitelisted": true,
      "notes": null
    }
  },
  {
    "model": "tracker.torrentclient",
    "pk": "-UT33",
    "fields": {
      "name": "\u00b5Torrent 3.3.*",
      "is_whitelisted": true,
      "notes": null
    }
  },
  {
    "model": "tracker.torrentclient",
    "pk": "-UT331",
    "fields": {
      "name": "\u00b5Torrent 3.3.1",
      "is_whitelisted": true,
      "notes": null
    }
  },
  {
    "model": "tracker.torrentclient",
    "pk": "-UT340",
    "fields": {
      "name": "\u00b5Torrent 3.4.0",
      "is_whitelisted": true,
      "notes": null
    }
  },
  {
    "model": "tracker.torrentclient",
    "pk": "-UT341",
    "fields": {
      "name": "\u00b5Torrent 3.4.1",
      "is_whitelisted": true,
      "notes": null
    }
  },
  {
    "model": "tracker.torrentclient",
    "pk": "-UT343",
    "fields": {
      "name": "\u00b5Torrent 3.4.3",
      "is_whitelisted": true,
      "notes": null
    }
  },
  {
    "model": "tracker.torrentclient",
    "pk": "-UT344",
    "fields": {
      "name": "\u00b5Torrent 3.4.4",
      "is_whitelisted": true,
      "notes": null
    }
  },
  {
    "model": "tracker.torrentclient",
    "pk": "-UT345",
    "fields": {
      "name": "\u00b5Torrent 3.4.5",
      "is_whitelisted": true,
      "notes": null
    }
  },
  {
    "model": "tracker.torrentclient",
    "pk": "-UT346",
    "fields": {
      "name": "\u00b5Torrent 3.4.6",
      "is_whitelisted": true,
      "notes": null
    }
  },
  {
    "model": "tracker.torrentclient",
    "pk": "-UT347",
    "fields": {
      "name": "\u00b5Torrent 3.4.7",
      "is_whitelisted": true,
      "notes": null
    }
  },
  {
    "model": "tracker.torrentclient",
    "pk": "-UT348",
    "fields": {
      "name": "\u00b5Torrent 3.4.8",
      "is_whitelisted": true,
      "notes": null
    }
  },
  {
    "model": "tracker.torrentclient",
    "pk": "-UT349",
    "fields": {
      "name": "\u00b5Torrent 3.4.9",
      "is_whitelisted": true,
      "notes": null
    }
  },
  {
    "pk": "TS",
    "model": "media_formats.container",
    "fields": {}
  },
  {
    "pk": "AVI",
    "model": "media_formats.container",
    "fields": {}
  },
  {
    "pk": "MKV",
    "model": "media_formats.container",
    "fields": {}
  },
  {
    "pk": "DVDR NTSC",
    "model": "media_formats.container",
    "fields": {}
  },
  {
    "pk": "DVDR PAL",
    "model": "media_formats.container",
    "fields": {}
  },
  {
    "pk": "Blu-ray",
    "model": "media_formats.container",
    "fields": {}
  },
  {
    "pk": "HD-DVD",
    "model": "media_formats.container",
    "fields": {}
  },
  {
    "pk": "Standard Def",
    "model": "media_formats.resolution",
    "fields": {}
  },
  {
    "pk": "480p",
    "model": "media_formats.resolution",
    "fields": {}
  },
  {
    "pk": "576p",
    "model": "media_formats.resolution",
    "fields": {}
  },
  {
    "pk": "720p",
    "model": "media_formats.resolution",
    "fields": {}
  },
  {
    "pk": "1080p",
    "model": "media_formats.resolution",
    "fields": {}
  },
  {
    "pk": "1080i",
    "model": "media_formats.resolution",
    "fields": {}
  },
  {
    "pk": "2160p",
    "model": "media_formats.resolution",
    "fields": {}
  },
  {
    "pk": "x264",
    "model": "media_formats.codec",
    "fields": {}
  },
  {
    "pk": "XviD",
    "model": "media_formats.codec",
    "fields": {}
  },
  {
    "pk": "H.264",
    "model": "media_formats.codec",
    "fields": {}
  },
  {
    "pk": "DivX",
    "model": "media_formats.codec",
    "fields": {}
  },
  {
    "pk": "AVC",
    "model": "media_formats.codec",
    "fields": {}
  },
  {
    "pk": "VC-1",
    "model": "media_formats.codec",
    "fields": {}
  },
  {
    "pk": "MPEG-2",
    "model": "media_formats.codec",
    "fields": {}
  },
  {
    "pk": "DVDR",
    "model": "media_formats.codec",
    "fields": {}
  },
  {
    "pk": "Blu-ray",
    "model": "media_formats.sourcemedia",
    "fields": {}
  },
  {
    "pk": "HD-DVD",
    "model": "media_formats.sourcemedia",
    "fields": {}
  },
  {
    "pk": "HDTV",
    "model": "media_formats.sourcemedia",
    "fields": {}
  },
  {
    "pk": "WEB-DL",
    "model": "media_formats.sourcemedia",
    "fields": {}
  },
  {
    "pk": "DVD",
    "model": "media_formats.sourcemedia",
    "fields": {}
  },
  {
    "pk": "R5",
    "model": "media_formats.sourcemedia",
    "fields": {}
  },
  {
    "pk": "Screener",
    "model": "media_formats.sourcemedia",
    "fields": {}
  },
  {
    "pk": "CAM (TS)",
    "model": "media_formats.sourcemedia",
    "fields": {}
  },
  {
    "pk": "Other",
    "model": "media_formats.sourcemedia",
    "fields": {}
  },
  {
    "pk": 1,
    "model": "users.userclass",
    "fields": {
      "old_id": 23,
      "name": "User",
      "rank": 1
    }
  },
  {
    "pk": 2,
    "model": "users.userclass",
    "fields": {
      "old_id": 3,
      "name": "Member",
      "rank": 2
    }
  },
  {
    "pk": 3,
    "model": "users.userclass",
    "fields": {
      "old_id": 30,
      "name": "mfer",
      "rank": 2
    }
  },
  {
    "pk": 4,
    "model": "users.userclass",
    "fields": {
      "old_id": 24,
      "name": "Fanatic",
      "rank": 3
    }
  },
  {
    "pk": 5,
    "model": "users.userclass",
    "fields": {
      "old_id": 4,
      "name": "Actor",
      "rank": 4
    }
  },
  {
    "pk": 6,
    "model": "users.userclass",
    "fields": {
      "old_id": 25,
      "name": "Director",
      "rank": 5
    }
  },
  {
    "pk": 7,
    "model": "users.userclass",
    "fields": {
      "old_id": 20,
      "name": "Producer",
      "rank": 6
    }
  },
  {
    "pk": 8,
    "model": "users.userclass",
    "fields": {
      "old_id": 33,
      "name": "Archivist",
      "rank": 7
    }
  },
  {
    "pk": 9,
    "model": "users.userclass",
    "fields": {
      "old_id": 31,
      "name": "Uploader",
      "rank": 7
    }
  },
  {
    "pk": 10,
    "model": "users.userclass",
    "fields": {
      "old_id": 8,
      "name": "Encoder",
      "rank": 7
    }
  },
  {
    "pk": 11,
    "model": "users.userclass",
    "fields": {
      "old_id": 7,
      "name": "Executive Producer",
      "rank": 7
    }
  },
  {
    "pk": 12,
    "model": "users.userclass",
    "fields": {
      "old_id": 5,
      "name": "Legend",
      "rank": 8
    }
  },
  {
    "pk": 13,
    "model": "users.userclass",
    "fields": {
      "old_id": 9,
      "name": "Community Staff",
      "rank": 8
    }
  },
  {
    "pk": 14,
    "model": "users.userclass",
    "fields": {
      "old_id": 26,
      "name": "Director of Torrentography",
      "rank": 9
    }
  },
  {
    "pk": 15,
    "model": "users.userclass",
    "fields": {
      "old_id": 28,
      "name": "Designer",
      "rank": 9
    }
  },
  {
    "pk": 16,
    "model": "users.userclass",
    "fields": {
      "old_id": 11,
      "name": "Moderator",
      "is_staff": true,
      "rank": 10
    }
  },
  {
    "pk": 17,
    "model": "users.userclass",
    "fields": {
      "old_id": 14,
      "name": "Developer",
      "is_staff": true,
      "rank": 11
    }
  },
  {
    "pk": 18,
    "model": "users.userclass",
    "fields": {
      "old_id": 21,
      "name": "Administrator",
      "is_staff": true,
      "rank": 12
    }
  },
  {
    "pk": 19,
    "model": "users.userclass",
    "fields": {
      "old_id": 1,
      "name": "SiteOp",
      "is_staff": true,
      "rank": 13
    }
  },
  {
    "pk": 20,
    "model": "users.userclass",
    "fields": {
      "old_id": 15,
      "name": "SysAdmin",
      "is_staff": true,
      "rank": 14
    }
  },
  {
    "model": "users.userannouncekey",
    "pk": "1ef0be11-cb9e-4138-a75f-ece3bd79c939",
    "fields": {
      "user": 7,
      "issued_at": "2018-05-18T21:26:35.330Z",
      "revoked_at": null,
      "revocation_notes": ""
    }
  },
  {
    "model": "users.userannouncekey",
    "pk": "29920575-8bc2-465c-ac29-f602e5c0d9a4",
    "fields": {
      "user": 4,
      "issued_at": "2018-05-13T23:44:53.977Z",
      "revoked_at": null,
      "revocation_notes": ""
    }
  },
  {
    "model": "users.userannouncekey",
    "pk": "31474517-6d27-4994-9d25-167867336083",
    "fields": {
      "user": 6,
      "issued_at": "2018-05-18T17:42:02.029Z",
      "revoked_at": null,
      "revocation_notes": ""
    }
  },
  {
    "model": "users.userannouncekey",
    "pk": "39487625-1c62-4646-8093-ed0b5309fa65",
    "fields": {
      "user": 2,
      "issued_at": "2018-05-13T23:44:53.944Z",
      "revoked_at": null,
      "revocation_notes": ""
    }
  },
  {
    "model": "users.userannouncekey",
    "pk": "b1e840fb-c719-4fae-9462-6320a5031e66",
    "fields": {
      "user": 5,
      "issued_at": "2018-05-13T23:44:53.989Z",
      "revoked_at": null,
      "revocation_notes": ""
    }
  },
  {
    "model": "users.userannouncekey",
    "pk": "b44759bb-fbcb-4575-989a-fe2926ca2fc6",
    "fields": {
      "user": 1,
      "issued_at": "2018-05-10T03:35:34.878Z",
      "revoked_at": null,
      "revocation_notes": ""
    }
  },
  {
    "model": "users.userannouncekey",
    "pk": "548860de-17b6-43cd-9b8a-9e6acf3f8a83",
    "fields": {
      "user": 8,
      "issued_at": "2018-05-21T15:17:45.665Z",
      "revoked_at": null,
      "revocation_notes": ""
    }
  },
  {
    "model": "users.userannouncekey",
    "pk": "cb3d2bcf-2efe-427b-88c5-b2fee0ebd36e",
    "fields": {
      "user": 3,
      "issued_at": "2018-05-13T23:44:53.963Z",
      "revoked_at": null,
      "revocation_notes": ""
    }
  },
  {
    "model": "users.user",
    "pk": 1,
    "fields": {
      "password": "argon2$argon2i$v=19$m=512,t=2,p=2$R0VhZlE2ekdocUtq$gPpl0+Nk5+NRq6ni+YnXaw",
      "last_login": "2018-05-18T00:30:24.082Z",
      "is_superuser": true,
      "username": "admin",
      "first_name": "",
      "last_name": "",
      "email": "dolan@gooby.pls",
      "is_staff": true,
      "is_active": true,
      "date_joined": "2014-09-18T14:52:58.484Z",
      "is_banned": false,
      "old_id": null,
      "user_class": 18,
      "is_donor": false,
      "account_status": "enabled",
      "failed_login_attempts": 0,
      "announce_key": "b44759bb-fbcb-4575-989a-fe2926ca2fc6",
      "torrent_download_key": null,
      "avatar_url": null,
      "custom_title": null,
      "profile_description": "Admin User",
      "staff_notes": null,
      "irc_key": null,
      "invited_by": null,
      "invite_count": 0,
      "bytes_uploaded": 0,
      "bytes_downloaded": 0,
      "log_successful_announces": false,
      "last_seeded": null,
      "average_seeding_size": 0,
      "watch_queue": null,
      "groups": [],
      "user_permissions": []
    }
  },
  {
    "model": "users.user",
    "pk": 2,
    "fields": {
      "password": "argon2$argon2i$v=19$m=512,t=2,p=2$VFBQeUthVjhpS0V4$FRsoZViqRKkw+TJp2uQ3vQ",
      "last_login": "2018-04-15T16:24:25.327Z",
      "is_superuser": true,
      "username": "api",
      "first_name": "",
      "last_name": "",
      "email": "api@gooby.pls",
      "is_staff": true,
      "is_active": true,
      "date_joined": "2016-09-18T14:52:58.484Z",
      "is_banned": false,
      "old_id": null,
      "user_class": 18,
      "is_donor": false,
      "account_status": "enabled",
      "failed_login_attempts": 0,
      "announce_key": "39487625-1c62-4646-8093-ed0b5309fa65",
      "torrent_download_key": null,
      "avatar_url": null,
      "custom_title": null,
      "profile_description": "api test user",
      "staff_notes": null,
      "irc_key": null,
      "invited_by": null,
      "invite_count": 0,
      "bytes_uploaded": 0,
      "bytes_downloaded": 0,
      "log_successful_announces": true,
      "last_seeded": null,
      "average_seeding_size": 0,
      "watch_queue": null,
      "groups": [],
      "user_permissions": []
    }
  },
  {
    "model": "users.user",
    "pk": 3,
    "fields": {
      "password": "argon2$argon2i$v=19$m=512,t=2,p=2$Rnl6cU9tRElNU1VN$FGo2IbyLzkcqnVz4qVsNYQ",
      "last_login": "2018-05-15T18:15:32.878Z",
      "is_superuser": false,
      "username": "User1",
      "first_name": "",
      "last_name": "",
      "email": "user1@gooby.pls",
      "is_staff": false,
      "is_active": true,
      "date_joined": "2016-09-18T14:52:58.484Z",
      "is_banned": false,
      "old_id": null,
      "user_class": 1,
      "is_donor": false,
      "account_status": "enabled",
      "failed_login_attempts": 0,
      "announce_key": "cb3d2bcf-2efe-427b-88c5-b2fee0ebd36e",
      "torrent_download_key": null,
      "avatar_url": null,
      "custom_title": null,
      "profile_description": "new test user",
      "staff_notes": null,
      "irc_key": null,
      "invited_by": null,
      "invite_count": 0,
      "bytes_uploaded": 0,
      "bytes_downloaded": 0,
      "log_successful_announces": true,
      "last_seeded": null,
      "average_seeding_size": 0,
      "watch_queue": null,
      "groups": [],
      "user_permissions": []
    }
  },
  {
    "model": "users.user",
    "pk": 4,
    "fields": {
      "password": "argon2$argon2i$v=19$m=512,t=2,p=2$VG5zdFU5aXkzQzVG$l3zSACdoMWnzn3Gi63GHOA",
      "last_login": "2018-05-18T16:56:14.528Z",
      "is_superuser": true,
      "username": "saltman",
      "first_name": "",
      "last_name": "",
      "email": "",
      "is_staff": true,
      "is_active": true,
      "date_joined": "2018-05-10T03:36:34.138Z",
      "is_banned": false,
      "old_id": null,
      "user_class": 18,
      "is_donor": false,
      "account_status": "enabled",
      "failed_login_attempts": 0,
      "announce_key": "29920575-8bc2-465c-ac29-f602e5c0d9a4",
      "torrent_download_key": null,
      "avatar_url": null,
      "custom_title": null,
      "profile_description": null,
      "staff_notes": null,
      "irc_key": null,
      "invited_by": null,
      "invite_count": 0,
      "bytes_uploaded": 0,
      "bytes_downloaded": 0,
      "log_successful_announces": false,
      "last_seeded": null,
      "average_seeding_size": 0,
      "watch_queue": null,
      "groups": [],
      "user_permissions": [
        108
      ]
    }
  },
  {
    "model": "users.user",
    "pk": 5,
    "fields": {
      "password": "argon2$argon2i$v=19$m=512,t=2,p=2$cEtVdTJtTmN0OWtV$+cqoIV49feHW4A5rjWYceQ",
      "last_login": null,
      "is_superuser": true,
      "username": "spartinus",
      "first_name": "",
      "last_name": "",
      "email": "",
      "is_staff": true,
      "is_active": true,
      "date_joined": "2018-05-11T04:10:16.900Z",
      "is_banned": false,
      "old_id": null,
      "user_class": 18,
      "is_donor": false,
      "account_status": "enabled",
      "failed_login_attempts": 0,
      "announce_key": "b1e840fb-c719-4fae-9462-6320a5031e66",
      "torrent_download_key": null,
      "avatar_url": null,
      "custom_title": null,
      "profile_description": null,
      "staff_notes": null,
      "irc_key": null,
      "invited_by": null,
      "invite_count": 0,
      "bytes_uploaded": 0,
      "bytes_downloaded": 0,
      "log_successful_announces": false,
      "last_seeded": null,
      "average_seeding_size": 0,
      "watch_queue": null,
      "groups": [],
      "user_permissions": [
        108
      ]
    }
  },
  {
    "model": "users.user",
    "pk": 6,
    "fields": {
      "password": "argon2$argon2i$v=19$m=512,t=2,p=2$WGhzNUFzeUxTMlVu$lR7RsU0KDD4vZOoc6GIoVA",
      "last_login": "2018-05-18T17:42:36.983Z",
      "is_superuser": true,
      "username": "onkellars",
      "first_name": "",
      "last_name": "",
      "email": "",
      "is_staff": true,
      "is_active": true,
      "date_joined": "2018-05-18T17:42:01.987Z",
      "is_banned": false,
      "old_id": null,
      "user_class": 18,
      "is_donor": false,
      "account_status": "enabled",
      "failed_login_attempts": 0,
      "announce_key": "31474517-6d27-4994-9d25-167867336083",
      "torrent_download_key": null,
      "avatar_url": null,
      "custom_title": null,
      "profile_description": null,
      "staff_notes": null,
      "irc_key": null,
      "invited_by": null,
      "invite_count": 0,
      "bytes_uploaded": 0,
      "bytes_downloaded": 0,
      "log_successful_announces": false,
      "last_seeded": null,
      "average_seeding_size": 0,
      "watch_queue": null,
      "groups": [],
      "user_permissions": [
        108
      ]
    }
  },
  {
    "model": "users.user",
    "pk": 7,
    "fields": {
      "password": "argon2$argon2i$v=19$m=512,t=2,p=2$TzFHdjhPQ09NelZu$zQ8P6IAgUnsQiOZ4vLczIA",
      "last_login": null,
      "is_superuser": true,
      "username": "hooch",
      "first_name": "",
      "last_name": "",
      "email": "",
      "is_staff": true,
      "is_active": true,
      "date_joined": "2018-05-18T21:26:35.288Z",
      "is_banned": false,
      "old_id": null,
      "user_class": 18,
      "is_donor": false,
      "account_status": "enabled",
      "failed_login_attempts": 0,
      "announce_key": "1ef0be11-cb9e-4138-a75f-ece3bd79c939",
      "torrent_download_key": null,
      "avatar_url": null,
      "custom_title": null,
      "profile_description": null,
      "staff_notes": null,
      "irc_key": null,
      "invited_by": null,
      "invite_count": 0,
      "bytes_uploaded": 0,
      "bytes_downloaded": 0,
      "log_successful_announces": false,
      "last_seeded": null,
      "average_seeding_size": 0,
      "watch_queue": null,
      "groups": [],
      "user_permissions": [
        108
      ]
    }
  },
  {
    "model": "users.user",
    "pk": 8,
    "fields": {
      "password": "argon2$argon2i$v=19$m=512,t=2,p=2$Q2haUnVOaG9VcFU0$YTu+NmPnpVwboxJh6O/iNw",
      "last_login": "2018-05-21T15:18:20.046Z",
      "is_superuser": true,
      "username": "dirty",
      "first_name": "",
      "last_name": "",
      "email": "",
      "is_staff": true,
      "is_active": true,
      "date_joined": "2018-05-21T15:17:45.587Z",
      "is_banned": false,
      "old_id": null,
      "user_class": 18,
      "is_donor": false,
      "account_status": "enabled",
      "failed_login_attempts": 0,
      "announce_key": "548860de-17b6-43cd-9b8a-9e6acf3f8a83",
      "torrent_download_key": null,
      "avatar_url": null,
      "custom_title": null,
      "profile_description": null,
      "staff_notes": null,
      "irc_key": null,
      "invited_by": null,
      "invite_count": 0,
      "bytes_uploaded": 0,
      "bytes_downloaded": 0,
      "log_successful_announces": false,
      "last_seeded": null,
      "average_seeding_size": 0,
      "watch_queue": null,
      "groups": [],
      "user_permissions": [
        108
      ]
    }
  }
]
