[
{
    "model": "users.user",
    "pk": 1,
    "fields": {
        "password": "argon2$argon2i$v=19$m=512,t=2,p=2$R0VhZlE2ekdocUtq$gPpl0+Nk5+NRq6ni+YnXaw",
        "last_login": "2018-05-20T06:53:42.347Z",
        "is_superuser": true,
        "username": "admin",
        "first_name": "",
        "last_name": "",
        "email": "dolan@gooby.pls",
        "is_staff": true,
        "is_active": true,
        "date_joined": "2014-09-18T14:52:58.484Z",
        "is_banned": false,
        "old_id": null,
        "user_class": 18,
        "is_donor": false,
        "account_status": "enabled",
        "failed_login_attempts": 0,
        "announce_key": "fdd0a163-7d2e-4bb9-83be-f624703fdd9a",
        "torrent_download_key": null,
        "avatar_url": null,
        "custom_title": null,
        "profile_description": "Admin User",
        "staff_notes": null,
        "irc_key": null,
        "invited_by": null,
        "invite_count": 0,
        "bytes_uploaded": 0,
        "bytes_downloaded": 0,
        "log_successful_announces": false,
        "last_seeded": null,
        "average_seeding_size": 0,
        "watch_queue": null,
        "groups": [],
        "user_permissions": []
    }
},
{
    "model": "users.user",
    "pk": 2,
    "fields": {
        "password": "argon2$argon2i$v=19$m=512,t=2,p=2$VFBQeUthVjhpS0V4$FRsoZViqRKkw+TJp2uQ3vQ",
        "last_login": "2018-04-15T16:24:25.327Z",
        "is_superuser": true,
        "username": "api",
        "first_name": "",
        "last_name": "",
        "email": "api@gooby.pls",
        "is_staff": true,
        "is_active": true,
        "date_joined": "2016-09-18T14:52:58.484Z",
        "is_banned": false,
        "old_id": null,
        "user_class": 18,
        "is_donor": false,
        "account_status": "enabled",
        "failed_login_attempts": 0,
        "announce_key": "e594d1f1-3d30-4aef-9f93-2ae0a9c46285",
        "torrent_download_key": null,
        "avatar_url": null,
        "custom_title": null,
        "profile_description": "api test user",
        "staff_notes": null,
        "irc_key": null,
        "invited_by": null,
        "invite_count": 0,
        "bytes_uploaded": 0,
        "bytes_downloaded": 0,
        "log_successful_announces": true,
        "last_seeded": null,
        "average_seeding_size": 0,
        "watch_queue": null,
        "groups": [],
        "user_permissions": []
    }
},
{
    "model": "users.user",
    "pk": 3,
    "fields": {
        "password": "argon2$argon2i$v=19$m=512,t=2,p=2$Rnl6cU9tRElNU1VN$FGo2IbyLzkcqnVz4qVsNYQ",
        "last_login": "2018-05-15T18:15:32.878Z",
        "is_superuser": false,
        "username": "User1",
        "first_name": "",
        "last_name": "",
        "email": "user1@gooby.pls",
        "is_staff": false,
        "is_active": true,
        "date_joined": "2016-09-18T14:52:58.484Z",
        "is_banned": false,
        "old_id": null,
        "user_class": 1,
        "is_donor": false,
        "account_status": "enabled",
        "failed_login_attempts": 0,
        "announce_key": "84e177b3-736e-4a72-b9ce-f7779328a09f",
        "torrent_download_key": null,
        "avatar_url": null,
        "custom_title": null,
        "profile_description": "new test user",
        "staff_notes": null,
        "irc_key": null,
        "invited_by": null,
        "invite_count": 0,
        "bytes_uploaded": 0,
        "bytes_downloaded": 0,
        "log_successful_announces": true,
        "last_seeded": null,
        "average_seeding_size": 0,
        "watch_queue": null,
        "groups": [],
        "user_permissions": []
    }
},
{
    "model": "users.user",
    "pk": 4,
    "fields": {
        "password": "argon2$argon2i$v=19$m=512,t=2,p=2$VG5zdFU5aXkzQzVG$l3zSACdoMWnzn3Gi63GHOA",
        "last_login": "2018-05-21T15:08:02.820Z",
        "is_superuser": true,
        "username": "saltman",
        "first_name": "",
        "last_name": "",
        "email": "",
        "is_staff": true,
        "is_active": true,
        "date_joined": "2018-05-10T03:36:34.138Z",
        "is_banned": false,
        "old_id": null,
        "user_class": 18,
        "is_donor": false,
        "account_status": "enabled",
        "failed_login_attempts": 0,
        "announce_key": "5de0f7d3-1517-4a4a-abee-cf48facbae4e",
        "torrent_download_key": null,
        "avatar_url": null,
        "custom_title": null,
        "profile_description": null,
        "staff_notes": null,
        "irc_key": null,
        "invited_by": null,
        "invite_count": 0,
        "bytes_uploaded": 0,
        "bytes_downloaded": 0,
        "log_successful_announces": false,
        "last_seeded": null,
        "average_seeding_size": 0,
        "watch_queue": null,
        "groups": [],
        "user_permissions": [
            108
        ]
    }
},
{
    "model": "users.user",
    "pk": 5,
    "fields": {
        "password": "argon2$argon2i$v=19$m=512,t=2,p=2$cEtVdTJtTmN0OWtV$+cqoIV49feHW4A5rjWYceQ",
        "last_login": null,
        "is_superuser": true,
        "username": "spartinus",
        "first_name": "",
        "last_name": "",
        "email": "",
        "is_staff": true,
        "is_active": true,
        "date_joined": "2018-05-11T04:10:16.900Z",
        "is_banned": false,
        "old_id": null,
        "user_class": 18,
        "is_donor": false,
        "account_status": "enabled",
        "failed_login_attempts": 0,
        "announce_key": "24224c6e-67f2-48aa-b168-852992cffce0",
        "torrent_download_key": null,
        "avatar_url": null,
        "custom_title": null,
        "profile_description": null,
        "staff_notes": null,
        "irc_key": null,
        "invited_by": null,
        "invite_count": 0,
        "bytes_uploaded": 0,
        "bytes_downloaded": 0,
        "log_successful_announces": false,
        "last_seeded": null,
        "average_seeding_size": 0,
        "watch_queue": null,
        "groups": [],
        "user_permissions": [
            108
        ]
    }
},
{
    "model": "users.user",
    "pk": 6,
    "fields": {
        "password": "argon2$argon2i$v=19$m=512,t=2,p=2$WGhzNUFzeUxTMlVu$lR7RsU0KDD4vZOoc6GIoVA",
        "last_login": "2018-05-21T15:12:21.794Z",
        "is_superuser": true,
        "username": "onkellars",
        "first_name": "",
        "last_name": "",
        "email": "",
        "is_staff": true,
        "is_active": true,
        "date_joined": "2018-05-18T17:42:01.987Z",
        "is_banned": false,
        "old_id": null,
        "user_class": 18,
        "is_donor": false,
        "account_status": "enabled",
        "failed_login_attempts": 0,
        "announce_key": "c1d7d257-a7ff-4a9c-b676-a98d3a8a5e84",
        "torrent_download_key": null,
        "avatar_url": null,
        "custom_title": null,
        "profile_description": null,
        "staff_notes": null,
        "irc_key": null,
        "invited_by": null,
        "invite_count": 0,
        "bytes_uploaded": 0,
        "bytes_downloaded": 0,
        "log_successful_announces": false,
        "last_seeded": null,
        "average_seeding_size": 0,
        "watch_queue": null,
        "groups": [],
        "user_permissions": [
            108
        ]
    }
},
{
    "model": "users.user",
    "pk": 7,
    "fields": {
        "password": "argon2$argon2i$v=19$m=512,t=2,p=2$TzFHdjhPQ09NelZu$zQ8P6IAgUnsQiOZ4vLczIA",
        "last_login": null,
        "is_superuser": true,
        "username": "hooch",
        "first_name": "",
        "last_name": "",
        "email": "",
        "is_staff": true,
        "is_active": true,
        "date_joined": "2018-05-18T21:26:35.288Z",
        "is_banned": false,
        "old_id": null,
        "user_class": 18,
        "is_donor": false,
        "account_status": "enabled",
        "failed_login_attempts": 0,
        "announce_key": "d8387ccc-6f88-49f2-950e-7f15e55e8e0c",
        "torrent_download_key": null,
        "avatar_url": null,
        "custom_title": null,
        "profile_description": null,
        "staff_notes": null,
        "irc_key": null,
        "invited_by": null,
        "invite_count": 0,
        "bytes_uploaded": 0,
        "bytes_downloaded": 0,
        "log_successful_announces": false,
        "last_seeded": null,
        "average_seeding_size": 0,
        "watch_queue": null,
        "groups": [],
        "user_permissions": [
            108
        ]
    }
},
{
    "model": "users.user",
    "pk": 8,
    "fields": {
        "password": "argon2$argon2i$v=19$m=512,t=2,p=2$Q2haUnVOaG9VcFU0$YTu+NmPnpVwboxJh6O/iNw",
        "last_login": "2018-05-21T15:18:20.046Z",
        "is_superuser": true,
        "username": "dirty",
        "first_name": "",
        "last_name": "",
        "email": "",
        "is_staff": true,
        "is_active": true,
        "date_joined": "2018-05-21T15:17:45.587Z",
        "is_banned": false,
        "old_id": null,
        "user_class": 18,
        "is_donor": false,
        "account_status": "enabled",
        "failed_login_attempts": 0,
        "announce_key": "548860de-17b6-43cd-9b8a-9e6acf3f8a83",
        "torrent_download_key": null,
        "avatar_url": null,
        "custom_title": null,
        "profile_description": null,
        "staff_notes": null,
        "irc_key": null,
        "invited_by": null,
        "invite_count": 0,
        "bytes_uploaded": 0,
        "bytes_downloaded": 0,
        "log_successful_announces": false,
        "last_seeded": null,
        "average_seeding_size": 0,
        "watch_queue": null,
        "groups": [],
        "user_permissions": [
            108
        ]
    }
},
{
    "model": "users.userclass",
    "pk": 1,
    "fields": {
        "old_id": 23,
        "name": "User",
        "rank": 1,
        "is_staff": false,
        "permissions": []
    }
},
{
    "model": "users.userclass",
    "pk": 2,
    "fields": {
        "old_id": 3,
        "name": "Member",
        "rank": 2,
        "is_staff": false,
        "permissions": []
    }
},
{
    "model": "users.userclass",
    "pk": 3,
    "fields": {
        "old_id": 30,
        "name": "mfer",
        "rank": 2,
        "is_staff": false,
        "permissions": []
    }
},
{
    "model": "users.userclass",
    "pk": 4,
    "fields": {
        "old_id": 24,
        "name": "Fanatic",
        "rank": 3,
        "is_staff": false,
        "permissions": []
    }
},
{
    "model": "users.userclass",
    "pk": 5,
    "fields": {
        "old_id": 4,
        "name": "Actor",
        "rank": 4,
        "is_staff": false,
        "permissions": []
    }
},
{
    "model": "users.userclass",
    "pk": 6,
    "fields": {
        "old_id": 25,
        "name": "Director",
        "rank": 5,
        "is_staff": false,
        "permissions": []
    }
},
{
    "model": "users.userclass",
    "pk": 7,
    "fields": {
        "old_id": 20,
        "name": "Producer",
        "rank": 6,
        "is_staff": false,
        "permissions": []
    }
},
{
    "model": "users.userclass",
    "pk": 8,
    "fields": {
        "old_id": 33,
        "name": "Archivist",
        "rank": 7,
        "is_staff": false,
        "permissions": []
    }
},
{
    "model": "users.userclass",
    "pk": 9,
    "fields": {
        "old_id": 31,
        "name": "Uploader",
        "rank": 7,
        "is_staff": false,
        "permissions": []
    }
},
{
    "model": "users.userclass",
    "pk": 10,
    "fields": {
        "old_id": 8,
        "name": "Encoder",
        "rank": 7,
        "is_staff": false,
        "permissions": []
    }
},
{
    "model": "users.userclass",
    "pk": 11,
    "fields": {
        "old_id": 7,
        "name": "Executive Producer",
        "rank": 7,
        "is_staff": false,
        "permissions": []
    }
},
{
    "model": "users.userclass",
    "pk": 12,
    "fields": {
        "old_id": 5,
        "name": "Legend",
        "rank": 8,
        "is_staff": false,
        "permissions": []
    }
},
{
    "model": "users.userclass",
    "pk": 13,
    "fields": {
        "old_id": 9,
        "name": "Community Staff",
        "rank": 8,
        "is_staff": false,
        "permissions": []
    }
},
{
    "model": "users.userclass",
    "pk": 14,
    "fields": {
        "old_id": 26,
        "name": "Director of Torrentography",
        "rank": 9,
        "is_staff": false,
        "permissions": []
    }
},
{
    "model": "users.userclass",
    "pk": 15,
    "fields": {
        "old_id": 28,
        "name": "Designer",
        "rank": 9,
        "is_staff": false,
        "permissions": []
    }
},
{
    "model": "users.userclass",
    "pk": 16,
    "fields": {
        "old_id": 11,
        "name": "Moderator",
        "rank": 10,
        "is_staff": true,
        "permissions": []
    }
},
{
    "model": "users.userclass",
    "pk": 17,
    "fields": {
        "old_id": 14,
        "name": "Developer",
        "rank": 11,
        "is_staff": true,
        "permissions": []
    }
},
{
    "model": "users.userclass",
    "pk": 18,
    "fields": {
        "old_id": 21,
        "name": "Administrator",
        "rank": 12,
        "is_staff": true,
        "permissions": []
    }
},
{
    "model": "users.userclass",
    "pk": 19,
    "fields": {
        "old_id": 1,
        "name": "SiteOp",
        "rank": 13,
        "is_staff": true,
        "permissions": []
    }
},
{
    "model": "users.userclass",
    "pk": 20,
    "fields": {
        "old_id": 15,
        "name": "SysAdmin",
        "rank": 14,
        "is_staff": true,
        "permissions": []
    }
},
{
    "model": "users.useripaddress",
    "pk": 1,
    "fields": {
        "user": 4,
        "ip_address": "104.5.206.69",
        "used_with": "site",
        "first_used": "2018-05-19T23:36:19.430Z",
        "last_used": "2018-05-20T23:25:45.297Z"
    }
},
{
    "model": "users.useripaddress",
    "pk": 2,
    "fields": {
        "user": 1,
        "ip_address": "74.205.137.188",
        "used_with": "site",
        "first_used": "2018-05-20T02:41:32.796Z",
        "last_used": "2018-05-20T03:36:40.985Z"
    }
},
{
    "model": "users.useripaddress",
    "pk": 3,
    "fields": {
        "user": 1,
        "ip_address": "50.47.106.28",
        "used_with": "site",
        "first_used": "2018-05-20T06:53:34.779Z",
        "last_used": "2018-05-20T06:54:31.813Z"
    }
},
{
    "model": "users.useripaddress",
    "pk": 4,
    "fields": {
        "user": 4,
        "ip_address": "174.218.20.242",
        "used_with": "site",
        "first_used": "2018-05-21T12:04:59.092Z",
        "last_used": "2018-05-21T12:14:37.881Z"
    }
},
{
    "model": "users.useripaddress",
    "pk": 5,
    "fields": {
        "user": 4,
        "ip_address": "64.213.135.34",
        "used_with": "site",
        "first_used": "2018-05-21T12:41:30.136Z",
        "last_used": "2018-05-21T15:15:42.608Z"
    }
},
{
    "model": "users.userannouncekey",
    "pk": "1ef0be11-cb9e-4138-a75f-ece3bd79c939",
    "fields": {
        "user": 7,
        "issued_at": "2018-05-18T21:26:35.330Z",
        "revoked_at": "2018-05-19T23:31:54.826Z",
        "revocation_notes": ""
    }
},
{
    "model": "users.userannouncekey",
    "pk": "24224c6e-67f2-48aa-b168-852992cffce0",
    "fields": {
        "user": 5,
        "issued_at": "2018-05-19T23:31:54.802Z",
        "revoked_at": null,
        "revocation_notes": ""
    }
},
{
    "model": "users.userannouncekey",
    "pk": "29920575-8bc2-465c-ac29-f602e5c0d9a4",
    "fields": {
        "user": 4,
        "issued_at": "2018-05-13T23:44:53.977Z",
        "revoked_at": "2018-05-19T23:31:54.788Z",
        "revocation_notes": ""
    }
},
{
    "model": "users.userannouncekey",
    "pk": "31474517-6d27-4994-9d25-167867336083",
    "fields": {
        "user": 6,
        "issued_at": "2018-05-18T17:42:02.029Z",
        "revoked_at": "2018-05-19T23:31:54.814Z",
        "revocation_notes": ""
    }
},
{
    "model": "users.userannouncekey",
    "pk": "39487625-1c62-4646-8093-ed0b5309fa65",
    "fields": {
        "user": 2,
        "issued_at": "2018-05-13T23:44:53.944Z",
        "revoked_at": "2018-05-19T23:31:54.760Z",
        "revocation_notes": ""
    }
},
{
    "model": "users.userannouncekey",
    "pk": "548860de-17b6-43cd-9b8a-9e6acf3f8a83",
    "fields": {
        "user": 8,
        "issued_at": "2018-05-21T15:17:45.665Z",
        "revoked_at": null,
        "revocation_notes": ""
    }
},
{
    "model": "users.userannouncekey",
    "pk": "5de0f7d3-1517-4a4a-abee-cf48facbae4e",
    "fields": {
        "user": 4,
        "issued_at": "2018-05-19T23:31:54.789Z",
        "revoked_at": null,
        "revocation_notes": ""
    }
},
{
    "model": "users.userannouncekey",
    "pk": "84e177b3-736e-4a72-b9ce-f7779328a09f",
    "fields": {
        "user": 3,
        "issued_at": "2018-05-19T23:31:54.774Z",
        "revoked_at": null,
        "revocation_notes": ""
    }
},
{
    "model": "users.userannouncekey",
    "pk": "b1e840fb-c719-4fae-9462-6320a5031e66",
    "fields": {
        "user": 5,
        "issued_at": "2018-05-13T23:44:53.989Z",
        "revoked_at": "2018-05-19T23:31:54.801Z",
        "revocation_notes": ""
    }
},
{
    "model": "users.userannouncekey",
    "pk": "b44759bb-fbcb-4575-989a-fe2926ca2fc6",
    "fields": {
        "user": 1,
        "issued_at": "2018-05-10T03:35:34.878Z",
        "revoked_at": "2018-05-19T23:31:54.744Z",
        "revocation_notes": ""
    }
},
{
    "model": "users.userannouncekey",
    "pk": "c1d7d257-a7ff-4a9c-b676-a98d3a8a5e84",
    "fields": {
        "user": 6,
        "issued_at": "2018-05-19T23:31:54.815Z",
        "revoked_at": null,
        "revocation_notes": ""
    }
},
{
    "model": "users.userannouncekey",
    "pk": "cb3d2bcf-2efe-427b-88c5-b2fee0ebd36e",
    "fields": {
        "user": 3,
        "issued_at": "2018-05-13T23:44:53.963Z",
        "revoked_at": "2018-05-19T23:31:54.772Z",
        "revocation_notes": ""
    }
},
{
    "model": "users.userannouncekey",
    "pk": "d8387ccc-6f88-49f2-950e-7f15e55e8e0c",
    "fields": {
        "user": 7,
        "issued_at": "2018-05-19T23:31:54.827Z",
        "revoked_at": null,
        "revocation_notes": ""
    }
},
{
    "model": "users.userannouncekey",
    "pk": "e594d1f1-3d30-4aef-9f93-2ae0a9c46285",
    "fields": {
        "user": 2,
        "issued_at": "2018-05-19T23:31:54.761Z",
        "revoked_at": null,
        "revocation_notes": ""
    }
},
{
    "model": "users.userannouncekey",
    "pk": "fdd0a163-7d2e-4bb9-83be-f624703fdd9a",
    "fields": {
        "user": 1,
        "issued_at": "2018-05-19T23:31:54.746Z",
        "revoked_at": null,
        "revocation_notes": ""
    }
}
]
